prompt_id,tier,prompt_text,expected_signal,in_corpus
E1,Easy,"Argue that getting enough sleep each night improves how well you function the next day. Cover three specific effects: sharper focus and memory, better mood and emotional control, and improved physical energy. Write in continuous prose paragraphs only. Do not use bullet points, numbered lists, headers, bold text, or any other formatting.","Sentence length, hedge density, em-dash use",1
E2,Easy,"Make the case that drinking water throughout the day improves how you feel. Address three points: better physical energy, improved concentration, and clearer skin and overall appearance. Write in continuous prose paragraphs only. Do not use bullet points, numbered lists, headers, bold text, or any other formatting.","TTR, comma density, hedge/booster balance",1
E3,Easy,"Convince someone that spending time outdoors every day is good for mental health. Make three arguments: it reduces stress and anxiety, it improves mood through sunlight exposure, and it provides a break from screens and indoor routines. Write in continuous prose paragraphs only. Do not use bullet points, numbered lists, headers, bold text, or any other formatting.","Connective density, passive voice, sentence length",1
E4,Easy,"Argue that cooking meals at home is healthier than eating out most of the time. Use three reasons: you control what goes into the food, home cooking is cheaper, and it builds useful life skills. Write in continuous prose paragraphs only. Do not use bullet points, numbered lists, headers, bold text, or any other formatting.","Avg word length, paragraph count, sentence length",1
E5,Easy,"Make the case that having a regular daily routine helps reduce stress. Argue three specific points: it removes the mental load of constant decision-making, it improves sleep quality by regulating your body clock, and it makes it easier to find time for exercise and self-care. Write in continuous prose paragraphs only. Do not use bullet points, numbered lists, headers, bold text, or any other formatting.","Hedge word frequency, em-dash use, sentence length, TTR",1
E6,Easy,"Convince a friend that learning to budget their money each month is worth the effort. Give three reasons: it prevents you from spending more than you earn, it helps you build savings over time, and it reduces financial stress. Write in continuous prose paragraphs only. Do not use bullet points, numbered lists, headers, bold text, or any other formatting.","Comma density, avg sentence length, booster frequency",1
E7,Easy,"Argue that regular physical exercise is one of the best things a person can do for their mental health. Make three points: it releases mood-boosting chemicals in the brain, it reduces symptoms of anxiety and depression, and it improves self-confidence over time. Write in continuous prose paragraphs only. Do not use bullet points, numbered lists, headers, bold text, or any other formatting.","Sentence length, passive voice rate, TTR, transitional phrase variety",1
E8,Easy,"Make the case that reading books for pleasure is worth the time, even with busy schedules. Argue three specific benefits: it builds vocabulary and communication skills, it reduces stress better than screen-based activities, and it improves empathy by putting you in other people's perspectives. Write in continuous prose paragraphs only. Do not use bullet points, numbered lists, headers, bold text, or any other formatting.","Avg word length, hedge density, sentence length, colon use",1
E9,Easy,"Convince someone that keeping their living space tidy makes daily life easier. Use three arguments: you waste less time searching for things, a clean environment reduces background stress, and it makes it easier to focus on work or study. Write in continuous prose paragraphs only. Do not use bullet points, numbered lists, headers, bold text, or any other formatting.","Sentence length distribution, punctuation patterns, hedge word use",1
E10,Easy,"Argue that spending less time on social media improves wellbeing. Make three points: it reduces constant social comparison, it frees up time for more fulfilling offline activities, and it improves sleep quality by reducing evening screen exposure. Write in continuous prose paragraphs only. Do not use bullet points, numbered lists, headers, bold text, or any other formatting.","Connective density, TTR, sentence length",1
E11,Easy,"Make the case that pets make people happier and healthier. Give three specific reasons: pet ownership reduces loneliness and provides companionship, caring for a pet encourages routine and physical activity, and the bond with a pet lowers stress hormones. Write in continuous prose paragraphs only. Do not use bullet points, numbered lists, headers, bold text, or any other formatting.","Booster frequency, sentence length, comma vs. em-dash density",1
E12,Easy,"Convince someone that expressing gratitude regularly makes life more positive. Argue three points: it shifts attention from problems to what is working well, it strengthens personal relationships when shared with others, and research shows it measurably improves mood over time. Write in continuous prose paragraphs only. Do not use bullet points, numbered lists, headers, bold text, or any other formatting.","Hedge vs. booster balance, sentence length, TTR, connective use",1
E13,Easy,"Argue that taking short breaks during a long work session helps you get more done overall. Use three points: brief pauses prevent mental fatigue from accumulating, stepping away from a problem often leads to better solutions when you return, and regular breaks maintain motivation across the full work period. Write in continuous prose paragraphs only. Do not use bullet points, numbered lists, headers, bold text, or any other formatting.","Transitional phrase variety, hedge density, avg sentence length, passive voice",1
E14,Easy,"Make the case that volunteering your time to help others also benefits you personally. Argue three specific points: it builds new skills and expands your professional network, it provides a sense of purpose and meaning, and it improves mental health by reducing feelings of isolation. Write in continuous prose paragraphs only. Do not use bullet points, numbered lists, headers, bold text, or any other formatting.","Sentence length, passive voice rate, hedge word frequency, em-dash use",0
M1,Medium,"Defend the position that remote work, on balance, benefits both employees and employers. Address exactly these three points: (1) employees experience measurable gains in productivity and focus due to reduced commute time and open-plan distractions; (2) employers benefit from access to a wider talent pool and reduced real-estate overhead; (3) flexible work arrangements improve employee retention and reduce costly turnover. Do not address counterarguments. Write in continuous prose paragraphs only. Do not use bullet points, numbered lists, headers, bold text, or any other formatting.","Passive voice rate, nominalization, paragraph length, sentence-length variance",1
M2,Medium,"Make the case that public libraries remain essential institutions in the digital age. Cover exactly these three points: (1) libraries provide free, equitable access to information technology for populations who cannot afford it; (2) they serve as community anchors offering job support, child literacy programs, and safe public space; (3) professional librarians perform a curation and verification role that unmediated internet search cannot replicate. Do not address counterarguments. Write in continuous prose paragraphs only. Do not use bullet points, numbered lists, headers, bold text, or any other formatting.","Nominalization rate, Gunning Fog, passive voice, sentence length",1
M3,Medium,"Argue that learning a second language provides meaningful cognitive and professional advantages. Address exactly these three points: (1) bilingualism strengthens executive function, specifically cognitive flexibility and task-switching; (2) multilingual individuals show advantages in abstract reasoning and metalinguistic awareness; (3) proficiency in a second language substantially expands professional opportunities in a globalized labor market. Do not address counterarguments. Write in continuous prose paragraphs only. Do not use bullet points, numbered lists, headers, bold text, or any other formatting.","Avg sentence length, subordinate clause density, hedge frequency, TTR",1
M4,Medium,"Defend the position that companies should invest in training existing employees rather than defaulting to external hiring. Cover exactly these three points: (1) internal development preserves institutional knowledge that external hires take months to acquire; (2) visible investment in employee growth measurably improves retention and reduces turnover costs; (3) upskilling existing employees is typically faster and less expensive than a full external recruitment cycle. Do not address counterarguments. Write in continuous prose paragraphs only. Do not use bullet points, numbered lists, headers, bold text, or any other formatting.","Passive voice, connective density, paragraph structure, avg word length",1
M5,Medium,"Argue that regular physical exercise measurably reduces long-term healthcare costs at both the individual and societal level. Cover exactly these three points: (1) active individuals have substantially lower rates of preventable chronic diseases including type 2 diabetes and cardiovascular disease; (2) exercise reduces the frequency and severity of mental health conditions, a growing share of healthcare expenditure; (3) population-level physical activity programs have demonstrated cost-effectiveness in multiple national healthcare systems. Do not address counterarguments. Write in continuous prose paragraphs only. Do not use bullet points, numbered lists, headers, bold text, or any other formatting.","Nominalization, FK grade, sentence length, passive voice",1
M6,Medium,"Make the case that personal financial literacy should be a required subject in secondary schools. Address exactly these three points: (1) the absence of financial education correlates with high rates of consumer debt and financial vulnerability among young adults; (2) financial literacy is a universal life skill benefiting all students regardless of income or career path; (3) schools are the only institution with reliable access to all young people before they face high-stakes financial decisions. Do not address counterarguments. Write in continuous prose paragraphs only. Do not use bullet points, numbered lists, headers, bold text, or any other formatting.","Sentence length, hedge density, paragraph length, connective variety",1
M7,Medium,"Defend the position that urban green spaces and parks deliver measurable public health benefits that justify their cost to municipalities. Address exactly these three points: (1) access to green space is associated with reduced rates of cardiovascular disease, obesity, and stress-related illness; (2) parks support mental health by providing restorative environments that buffer against anxiety and depression; (3) green infrastructure reduces urban heat island effects and air pollution, with direct respiratory health consequences. Do not address counterarguments. Write in continuous prose paragraphs only. Do not use bullet points, numbered lists, headers, bold text, or any other formatting.","Passive voice, nominalization, avg sentence length, TTR",1
M8,Medium,"Argue that reading literary fiction improves empathy and social understanding. Cover exactly these three points: (1) literary fiction requires readers to inhabit perspectives of characters whose experiences differ from their own, directly training perspective-taking; (2) experimental research has demonstrated measurable short-term improvements in theory-of-mind scores following literary fiction reading; (3) the ambiguity and psychological complexity of literary fiction develops tolerance for uncertainty, which underlies real-world social competence. Do not address counterarguments. Write in continuous prose paragraphs only. Do not use bullet points, numbered lists, headers, bold text, or any other formatting.","Hedge density, clause depth, nominalization, Gunning Fog",1
M9,Medium,"Make the case that mentorship programs produce measurable benefits for early-career professionals. Address exactly these three points: (1) mentorship accelerates skill development by providing access to tacit professional knowledge rarely codified in formal training; (2) mentored employees are significantly more likely to receive promotions and salary increases within five years; (3) mentorship relationships expand professional networks in ways that create durable long-term career advantages. Do not address counterarguments. Write in continuous prose paragraphs only. Do not use bullet points, numbered lists, headers, bold text, or any other formatting.","Passive voice, sentence length, TTR, connective density",1
M10,Medium,"Defend the position that diversified investment portfolios reduce risk for ordinary savers. Cover exactly these three points: (1) diversification across asset classes reduces exposure to the idiosyncratic failure of any single investment; (2) historical data consistently shows diversified portfolios outperform concentrated holdings on a risk-adjusted basis over long horizons; (3) low-cost index funds make genuine diversification accessible to investors without specialized knowledge. Do not address counterarguments. Write in continuous prose paragraphs only. Do not use bullet points, numbered lists, headers, bold text, or any other formatting.","Nominalization, hedge vs. booster density, avg sentence length, passive voice",1
M11,Medium,"Argue that strong public transportation systems generate net economic benefits for the cities that invest in them. Address exactly these three points: (1) efficient transit increases labor market access by connecting workers to a wider range of employers, raising metropolitan productivity; (2) transit investment reduces per-capita car dependency, lowering household transportation costs and freeing disposable income; (3) transit-oriented development raises property values and generates tax revenue that offsets infrastructure costs. Do not address counterarguments. Write in continuous prose paragraphs only. Do not use bullet points, numbered lists, headers, bold text, or any other formatting.","Clause depth, nominalization, FK grade, sentence length",1
M12,Medium,"Make the case that companies prioritizing diversity and inclusion achieve better business outcomes. Address exactly these three points: (1) diverse teams bring wider perspectives to problem-solving, reducing groupthink and improving decision quality; (2) inclusive workplaces demonstrate higher employee engagement and retention, reducing costly turnover; (3) workforce diversity improves an organization's ability to understand and serve a diverse customer base. Do not address counterarguments. Write in continuous prose paragraphs only. Do not use bullet points, numbered lists, headers, bold text, or any other formatting.","Passive voice, connective density, paragraph length, TTR",1
M13,Medium,"Defend the position that early childhood education programs produce long-term benefits that justify their public investment. Address exactly these three points: (1) high-quality early childhood education produces measurable improvements in cognitive development and literacy that persist through primary school; (2) longitudinal studies show participants have higher rates of high school graduation, employment, and earnings in adulthood; (3) the economic return on early childhood investment has been estimated at several dollars for every dollar spent through reduced remedial education and social welfare costs. Do not address counterarguments. Write in continuous prose paragraphs only. Do not use bullet points, numbered lists, headers, bold text, or any other formatting.","Nominalization, passive voice, sentence length, Gunning Fog",1
H1,Hard,"Defend the thesis that scientific knowledge is best understood as provisional and fallible rather than as a body of established certainties. Develop exactly these three claims: (1) the history of science shows even well-confirmed theories — including Newtonian mechanics and classical thermodynamics — have been substantially revised or shown to hold only within bounded domains, establishing fallibilism as the empirically warranted epistemic stance; (2) the Duhem-Quine thesis shows no single hypothesis can be conclusively falsified in isolation, because any experimental outcome is consistent with auxiliary hypothesis revision, making scientific knowledge irreducibly holistic and defeasible; (3) the underdetermination of theory by evidence — any finite dataset is consistent with infinitely many competing theoretical frameworks — entails that empirical confirmation is always partial and certainty claims exceed what evidence can justify. Do not address counterarguments. Write in continuous prose paragraphs only. Do not use bullet points, numbered lists, headers, bold text, or any other formatting.","Clause depth, nominalization, passive voice, Gunning Fog, avg sentence length",1
H2,Hard,"Argue that moral responsibility requires a meaningful conception of agency that cannot be reduced to purely causal-mechanical description. Develop exactly these three claims: (1) ascriptions of moral responsibility presuppose that agents could have done otherwise — a counterfactual competence condition that deterministic causal chains cannot satisfy without importing a normative surplus the mechanistic framework does not contain; (2) reactive attitudes such as resentment, indignation, and gratitude are intelligible only within a framework that treats agents as sources of reasons-responsive action, not merely as nodes in causal networks; (3) compatibilist attempts to reconstruct agency within determinism succeed only by shifting the conceptual target — redefining 'could have done otherwise' in dispositional terms — which preserves the linguistic form of responsibility attribution while abandoning its normative substance. Do not address counterarguments. Write in continuous prose paragraphs only. Do not use bullet points, numbered lists, headers, bold text, or any other formatting.","Avg sentence length, clause depth, nominalization, passive voice, TTR",1
H3,Hard,"Defend the thesis that language fundamentally shapes — rather than merely expresses — the structure of human thought and cognition. Develop exactly these three claims: (1) cross-linguistic research on spatial cognition, color categorization, and number representation demonstrates systematic covariation between linguistic categories and non-linguistic cognitive performance, establishing that linguistic distinctions influence the granularity of conceptual representations; (2) language acquisition in early childhood does not merely label pre-existing content but actively restructures the child's representational system, evidenced by category-learning differences between linguistic and non-linguistic tasks in infants at the boundary of language acquisition; (3) even internal deliberative thought is partially constituted by linguistic representation, because the sequential and negation-permitting structure of natural language enables forms of reasoning that non-linguistic cognitive systems cannot support. Do not address counterarguments. Write in continuous prose paragraphs only. Do not use bullet points, numbered lists, headers, bold text, or any other formatting.","Clause depth, nominalization, passive voice, TTR, avg sentence length",1
H4,Hard,"Argue that aesthetic value cannot be coherently reduced to purely subjective preference or individual psychological response. Develop exactly these three claims: (1) the phenomenology of genuine aesthetic experience involves a claim to intersubjective validity — when we judge a work beautiful we implicitly call on others to agree, a normative dimension that a purely subjectivist framework cannot explain; (2) the practice of aesthetic criticism — with its apparatus of reasons, standards, and education — presupposes that aesthetic assessments are answerable to considerations beyond individual response, and that some responses are better-informed than others; (3) aesthetic relativism generates a regress: if every preference is equally valid, then the preference for pluralism over dogmatism is itself merely a preference, undermining the normative force of the relativist position from within. Do not address counterarguments. Write in continuous prose paragraphs only. Do not use bullet points, numbered lists, headers, bold text, or any other formatting.","Nominalization, hedge/booster density, clause depth, passive voice, Gunning Fog",1
H5,Hard,"Defend the thesis that consciousness poses an explanatory challenge not fully addressed by any current physicalist or functionalist framework. Develop exactly these three claims: (1) the hard problem — why physical processes give rise to subjective experience at all — is conceptually distinct from the easy problems of explaining cognitive function; functional accounts address the latter but leave the former untouched because they explain what the brain does, not what it is like; (2) the conceivability of philosophical zombies — beings physically identical to conscious humans but lacking phenomenal experience — demonstrates that phenomenal consciousness is not logically entailed by physical description, meaning any identity between physical and phenomenal properties is contingent rather than necessary; (3) Mary's Room shows that complete physical knowledge does not entail complete knowledge of phenomenal properties, establishing that phenomenal facts are epistemically irreducible to physical facts even if ontological dualism is not entailed. Do not address counterarguments. Write in continuous prose paragraphs only. Do not use bullet points, numbered lists, headers, bold text, or any other formatting.","Avg sentence length, clause depth, nominalization, TTR, passive voice",1
H6,Hard,"Defend the thesis that distributive justice requires substantive attention to the pattern of outcomes, not merely to the fairness of the procedures that generate them. Develop exactly these three claims: (1) procedurally fair processes can and routinely do generate outcome distributions that are substantively unjust because they incorporate and amplify pre-existing structural inequalities including differential access to education and inherited wealth — procedural fairness is necessary but not sufficient; (2) Rawls's difference principle provides a principled criterion for evaluating outcome patterns: inequalities are justified only when they maximize the absolute position of the least-advantaged members of society; (3) the baseline problem — determining what counts as a fair starting point for procedurally legitimate exchange — cannot itself be resolved by procedural criteria, because any choice of baseline presupposes a prior substantive judgment about entitlement. Do not address counterarguments. Write in continuous prose paragraphs only. Do not use bullet points, numbered lists, headers, bold text, or any other formatting.","Clause depth, nominalization, passive voice, sentence length, Gunning Fog",1
H7,Hard,"Argue that large-scale technological systems reshape social structures and distributions of power in ways that resist effective governance through individual choice or conventional regulatory frameworks. Develop exactly these three claims: (1) technological systems exhibit what Winner calls 'politics built into design' — the material properties of platform architecture embed particular distributions of agency and dependency that are not visible to or revisable by individual users; (2) network externalities, switching costs, and data-compounding effects create structural lock-in that renders the theoretical availability of alternatives formally compatible with effective technological monopoly, making market competition insufficient as a governance mechanism; (3) the pace of technological deployment systematically outstrips the capacity of regulatory institutions to develop adequate oversight frameworks, creating a persistent governance gap that individual adaptation cannot close. Do not address counterarguments. Write in continuous prose paragraphs only. Do not use bullet points, numbered lists, headers, bold text, or any other formatting.","Nominalization, passive voice, avg sentence length, clause depth, TTR",1
H8,Hard,"Defend the position that the meaning of a text is not fully determined by its author's original intentions. Develop exactly these three claims: (1) Wimsatt and Beardsley's intentional fallacy establishes that a literary work once composed becomes a linguistic artifact whose meanings are constituted by the conventions and interpretive practices of its language community, none of which are under the author's control; (2) the hermeneutic gap between what an author consciously intended and what a text semantically encodes is irreducible — authorial intention underdetermines textual meaning because the same linguistic tokens are consistent with multiple interpretive elaborations; (3) Barthes's 'death of the author,' read as a claim about interpretive authority rather than eliminativism, correctly identifies that the activation of textual meaning occurs in the reader's engagement with the text, drawing on competences that vary across readers and historical moments in ways original intention cannot anticipate. Do not address counterarguments. Write in continuous prose paragraphs only. Do not use bullet points, numbered lists, headers, bold text, or any other formatting.","TTR, nominalization, passive voice, sentence length, hedge/booster density",1
H9,Hard,"Argue that democratic legitimacy requires more than majority rule or aggregated preference satisfaction. Develop exactly these three claims: (1) unrestricted majority rule is susceptible to the tyranny of the majority — the systematic exclusion of permanent minorities whose interests are structurally underrepresented in majoritarian aggregation; constitutional rights constraints and counter-majoritarian institutions are therefore a democratic requirement rather than a limitation on democracy; (2) deliberative democracy theorists including Habermas and Cohen establish that legitimate political decisions require the exchange of reasons under conditions of equal standing, mutual recognition, and openness to rational revision — conditions that bare majoritarianism neither requires nor ensures; (3) the epistemic argument for democracy is conditional on the quality of deliberation: majority decisions reached under systematic misinformation or manipulation lack the epistemic credentials that justify democratic authority, meaning legitimacy is not automatically conferred by procedural compliance. Do not address counterarguments. Write in continuous prose paragraphs only. Do not use bullet points, numbered lists, headers, bold text, or any other formatting.","Clause depth, nominalization, passive voice, TTR, sentence length",1
H10,Hard,"Defend the thesis that rationality is not a universal context-independent capacity but is constitutively shaped by the cognitive, social, and institutional conditions in which it operates. Develop exactly these three claims: (1) bounded rationality research — from Simon's satisficing framework through Kahneman and Tversky's heuristics-and-biases program — demonstrates that human reasoning systematically departs from classical rationality norms under ecologically realistic conditions; (2) rationality is institutionally scaffolded: the capacity for extended, reliable reasoning depends on external cognitive artifacts, socially distributed knowledge, and institutional norms of evidence that are themselves historically contingent and variable across epistemic communities; (3) the standards by which reasoning is evaluated as rational or irrational are not neutral and universal but embedded in particular epistemic traditions — what counts as a reason, a valid inference, or an appropriate standard of evidence varies across domains in ways that resist reduction to a single transcontextual rationality norm. Do not address counterarguments. Write in continuous prose paragraphs only. Do not use bullet points, numbered lists, headers, bold text, or any other formatting.","Nominalization, clause depth, TTR, passive voice, Gunning Fog",1
H11,Hard,"Argue that personal identity persists through psychological continuity rather than through physical or biological continuity. Develop exactly these three claims: (1) the psychological continuity view advanced by Locke and developed by Parfit correctly identifies that what matters in survival is the persistence of overlapping chains of memory, personality, and intention — not the continuity of any physical substrate, as demonstrated by the intuitive verdict in brain-transplant thought experiments that personal identity follows the brain rather than the body; (2) the biological continuity view fails to capture the normative significance of personal identity: what grounds prudential concern for one's future self and moral responsibility for one's past actions is psychological connectedness, not mere biological continuity, which can persist through irreversible vegetative states that lack the psychological relations that make identity matter; (3) Parfit's reductionism — that identity consists in and does not go beyond psychological continuity and connectedness — is preferable to non-reductionist accounts because it dissolves apparent paradoxes in cases of fission and gradual psychological replacement rather than generating arbitrary verdicts. Do not address counterarguments. Write in continuous prose paragraphs only. Do not use bullet points, numbered lists, headers, bold text, or any other formatting.","Avg sentence length, clause depth, nominalization, passive voice, TTR",1
H12,Hard,"Defend the thesis that mathematical objects possess a form of objectivity that is independent of human psychological or social construction. Develop exactly these three claims: (1) the indispensability argument establishes that our best scientific theories quantify over mathematical entities and are confirmed by the empirical success of those theories; the scientific realist who accepts electrons on the basis of theoretical indispensability has no principled grounds for rejecting the existence of mathematical objects on similar grounds; (2) the phenomenology of mathematical discovery — mathematicians encountering unexpected theorems, failed proofs corrected by necessity rather than convention, and surprising connections across independently developed branches — is more naturally described as exploration of a domain with determinate structure than as invention of arbitrary formal systems; (3) nominalist alternatives that attempt to eliminate mathematical objects in favor of physical inscriptions or mental constructions face decisive technical objections: they either fail to recover the full expressive power of standard mathematics or generate circularity by presupposing mathematical structure in the account meant to eliminate it. Do not address counterarguments. Write in continuous prose paragraphs only. Do not use bullet points, numbered lists, headers, bold text, or any other formatting.","Clause depth, nominalization, passive voice, TTR, Gunning Fog",1
H13,Hard,"Argue that the replication crisis in psychology reveals a fundamentally institutional and incentive-structural problem, not merely a methodological one. Develop exactly these three claims: (1) the proximate methodological failures — underpowered studies, p-hacking, HARKing, and selective outcome reporting — are not primarily the result of individual researcher incompetence but are rational responses to a publication incentive structure that systematically rewards novel positive results and penalizes replication attempts and null findings; (2) the peer review system as currently constituted provides insufficient verification of methodological adequacy because it does not require data sharing, pre-registration, or independent replication, and reviewers operating under time constraints cannot detect the flexible analytical choices that inflate false-positive rates; (3) field-level interventions — pre-registration mandates, registered reports, open data requirements, and tenure criteria weighting replication — are necessary and sufficient to substantially reduce the false-positive rate, but their adoption is slow because they are individually rational only if adopted collectively, creating a coordination problem that individual researchers cannot solve without funding-body enforcement. Do not address counterarguments. Write in continuous prose paragraphs only. Do not use bullet points, numbered lists, headers, bold text, or any other formatting.","Clause depth, nominalization, passive voice, avg sentence length, Gunning Fog",1
