prompt_id,genre,tier,prompt_text,source,answer
E1,prose,Easy,"Argue that getting enough sleep each night improves how well you function the next day. Cover three specific effects: sharper focus and memory, better mood and emotional control, and improved physical energy. Write in continuous prose paragraphs only. Do not use bullet points, numbered lists, headers, bold text, or any other formatting.",bank,
E2,prose,Easy,"Make the case that drinking water throughout the day improves how you feel. Address three points: better physical energy, improved concentration, and clearer skin and overall appearance. Write in continuous prose paragraphs only. Do not use bullet points, numbered lists, headers, bold text, or any other formatting.",bank,
E3,prose,Easy,"Convince someone that spending time outdoors every day is good for mental health. Make three arguments: it reduces stress and anxiety, it improves mood through sunlight exposure, and it provides a break from screens and indoor routines. Write in continuous prose paragraphs only. Do not use bullet points, numbered lists, headers, bold text, or any other formatting.",bank,
E4,prose,Easy,"Argue that cooking meals at home is healthier than eating out most of the time. Use three reasons: you control what goes into the food, home cooking is cheaper, and it builds useful life skills. Write in continuous prose paragraphs only. Do not use bullet points, numbered lists, headers, bold text, or any other formatting.",bank,
E5,prose,Easy,"Make the case that having a regular daily routine helps reduce stress. Argue three specific points: it removes the mental load of constant decision-making, it improves sleep quality by regulating your body clock, and it makes it easier to find time for exercise and self-care. Write in continuous prose paragraphs only. Do not use bullet points, numbered lists, headers, bold text, or any other formatting.",bank,
E6,prose,Easy,"Convince a friend that learning to budget their money each month is worth the effort. Give three reasons: it prevents you from spending more than you earn, it helps you build savings over time, and it reduces financial stress. Write in continuous prose paragraphs only. Do not use bullet points, numbered lists, headers, bold text, or any other formatting.",bank,
E7,prose,Easy,"Argue that regular physical exercise is one of the best things a person can do for their mental health. Make three points: it releases mood-boosting chemicals in the brain, it reduces symptoms of anxiety and depression, and it improves self-confidence over time. Write in continuous prose paragraphs only. Do not use bullet points, numbered lists, headers, bold text, or any other formatting.",bank,
E8,prose,Easy,"Make the case that reading books for pleasure is worth the time, even with busy schedules. Argue three specific benefits: it builds vocabulary and communication skills, it reduces stress better than screen-based activities, and it improves empathy by putting you in other people's perspectives. Write in continuous prose paragraphs only. Do not use bullet points, numbered lists, headers, bold text, or any other formatting.",bank,
E9,prose,Easy,"Convince someone that keeping their living space tidy makes daily life easier. Use three arguments: you waste less time searching for things, a clean environment reduces background stress, and it makes it easier to focus on work or study. Write in continuous prose paragraphs only. Do not use bullet points, numbered lists, headers, bold text, or any other formatting.",bank,
E10,prose,Easy,"Argue that spending less time on social media improves wellbeing. Make three points: it reduces constant social comparison, it frees up time for more fulfilling offline activities, and it improves sleep quality by reducing evening screen exposure. Write in continuous prose paragraphs only. Do not use bullet points, numbered lists, headers, bold text, or any other formatting.",bank,
E11,prose,Easy,"Make the case that pets make people happier and healthier. Give three specific reasons: pet ownership reduces loneliness and provides companionship, caring for a pet encourages routine and physical activity, and the bond with a pet lowers stress hormones. Write in continuous prose paragraphs only. Do not use bullet points, numbered lists, headers, bold text, or any other formatting.",bank,
E12,prose,Easy,"Convince someone that expressing gratitude regularly makes life more positive. Argue three points: it shifts attention from problems to what is working well, it strengthens personal relationships when shared with others, and research shows it measurably improves mood over time. Write in continuous prose paragraphs only. Do not use bullet points, numbered lists, headers, bold text, or any other formatting.",bank,
E13,prose,Easy,"Argue that taking short breaks during a long work session helps you get more done overall. Use three points: brief pauses prevent mental fatigue from accumulating, stepping away from a problem often leads to better solutions when you return, and regular breaks maintain motivation across the full work period. Write in continuous prose paragraphs only. Do not use bullet points, numbered lists, headers, bold text, or any other formatting.",bank,
E14,prose,Easy,"Make the case that volunteering your time to help others also benefits you personally. Argue three specific points: it builds new skills and expands your professional network, it provides a sense of purpose and meaning, and it improves mental health by reducing feelings of isolation. Write in continuous prose paragraphs only. Do not use bullet points, numbered lists, headers, bold text, or any other formatting.",bank,
M1,prose,Medium,"Defend the position that remote work, on balance, benefits both employees and employers. Address exactly these three points: (1) employees experience measurable gains in productivity and focus due to reduced commute time and open-plan distractions; (2) employers benefit from access to a wider talent pool and reduced real-estate overhead; (3) flexible work arrangements improve employee retention and reduce costly turnover. Do not address counterarguments. Write in continuous prose paragraphs only. Do not use bullet points, numbered lists, headers, bold text, or any other formatting.",bank,
M2,prose,Medium,"Make the case that public libraries remain essential institutions in the digital age. Cover exactly these three points: (1) libraries provide free, equitable access to information technology for populations who cannot afford it; (2) they serve as community anchors offering job support, child literacy programs, and safe public space; (3) professional librarians perform a curation and verification role that unmediated internet search cannot replicate. Do not address counterarguments. Write in continuous prose paragraphs only. Do not use bullet points, numbered lists, headers, bold text, or any other formatting.",bank,
M3,prose,Medium,"Argue that learning a second language provides meaningful cognitive and professional advantages. Address exactly these three points: (1) bilingualism strengthens executive function, specifically cognitive flexibility and task-switching; (2) multilingual individuals show advantages in abstract reasoning and metalinguistic awareness; (3) proficiency in a second language substantially expands professional opportunities in a globalized labor market. Do not address counterarguments. Write in continuous prose paragraphs only. Do not use bullet points, numbered lists, headers, bold text, or any other formatting.",bank,
M4,prose,Medium,"Defend the position that companies should invest in training existing employees rather than defaulting to external hiring. Cover exactly these three points: (1) internal development preserves institutional knowledge that external hires take months to acquire; (2) visible investment in employee growth measurably improves retention and reduces turnover costs; (3) upskilling existing employees is typically faster and less expensive than a full external recruitment cycle. Do not address counterarguments. Write in continuous prose paragraphs only. Do not use bullet points, numbered lists, headers, bold text, or any other formatting.",bank,
M5,prose,Medium,"Argue that regular physical exercise measurably reduces long-term healthcare costs at both the individual and societal level. Cover exactly these three points: (1) active individuals have substantially lower rates of preventable chronic diseases including type 2 diabetes and cardiovascular disease; (2) exercise reduces the frequency and severity of mental health conditions, a growing share of healthcare expenditure; (3) population-level physical activity programs have demonstrated cost-effectiveness in multiple national healthcare systems. Do not address counterarguments. Write in continuous prose paragraphs only. Do not use bullet points, numbered lists, headers, bold text, or any other formatting.",bank,
M6,prose,Medium,"Make the case that personal financial literacy should be a required subject in secondary schools. Address exactly these three points: (1) the absence of financial education correlates with high rates of consumer debt and financial vulnerability among young adults; (2) financial literacy is a universal life skill benefiting all students regardless of income or career path; (3) schools are the only institution with reliable access to all young people before they face high-stakes financial decisions. Do not address counterarguments. Write in continuous prose paragraphs only. Do not use bullet points, numbered lists, headers, bold text, or any other formatting.",bank,
M7,prose,Medium,"Defend the position that urban green spaces and parks deliver measurable public health benefits that justify their cost to municipalities. Address exactly these three points: (1) access to green space is associated with reduced rates of cardiovascular disease, obesity, and stress-related illness; (2) parks support mental health by providing restorative environments that buffer against anxiety and depression; (3) green infrastructure reduces urban heat island effects and air pollution, with direct respiratory health consequences. Do not address counterarguments. Write in continuous prose paragraphs only. Do not use bullet points, numbered lists, headers, bold text, or any other formatting.",bank,
M8,prose,Medium,"Argue that reading literary fiction improves empathy and social understanding. Cover exactly these three points: (1) literary fiction requires readers to inhabit perspectives of characters whose experiences differ from their own, directly training perspective-taking; (2) experimental research has demonstrated measurable short-term improvements in theory-of-mind scores following literary fiction reading; (3) the ambiguity and psychological complexity of literary fiction develops tolerance for uncertainty, which underlies real-world social competence. Do not address counterarguments. Write in continuous prose paragraphs only. Do not use bullet points, numbered lists, headers, bold text, or any other formatting.",bank,
M9,prose,Medium,"Make the case that mentorship programs produce measurable benefits for early-career professionals. Address exactly these three points: (1) mentorship accelerates skill development by providing access to tacit professional knowledge rarely codified in formal training; (2) mentored employees are significantly more likely to receive promotions and salary increases within five years; (3) mentorship relationships expand professional networks in ways that create durable long-term career advantages. Do not address counterarguments. Write in continuous prose paragraphs only. Do not use bullet points, numbered lists, headers, bold text, or any other formatting.",bank,
M10,prose,Medium,"Defend the position that diversified investment portfolios reduce risk for ordinary savers. Cover exactly these three points: (1) diversification across asset classes reduces exposure to the idiosyncratic failure of any single investment; (2) historical data consistently shows diversified portfolios outperform concentrated holdings on a risk-adjusted basis over long horizons; (3) low-cost index funds make genuine diversification accessible to investors without specialized knowledge. Do not address counterarguments. Write in continuous prose paragraphs only. Do not use bullet points, numbered lists, headers, bold text, or any other formatting.",bank,
M11,prose,Medium,"Argue that strong public transportation systems generate net economic benefits for the cities that invest in them. Address exactly these three points: (1) efficient transit increases labor market access by connecting workers to a wider range of employers, raising metropolitan productivity; (2) transit investment reduces per-capita car dependency, lowering household transportation costs and freeing disposable income; (3) transit-oriented development raises property values and generates tax revenue that offsets infrastructure costs. Do not address counterarguments. Write in continuous prose paragraphs only. Do not use bullet points, numbered lists, headers, bold text, or any other formatting.",bank,
M12,prose,Medium,"Make the case that companies prioritizing diversity and inclusion achieve better business outcomes. Address exactly these three points: (1) diverse teams bring wider perspectives to problem-solving, reducing groupthink and improving decision quality; (2) inclusive workplaces demonstrate higher employee engagement and retention, reducing costly turnover; (3) workforce diversity improves an organization's ability to understand and serve a diverse customer base. Do not address counterarguments. Write in continuous prose paragraphs only. Do not use bullet points, numbered lists, headers, bold text, or any other formatting.",bank,
M13,prose,Medium,"Defend the position that early childhood education programs produce long-term benefits that justify their public investment. Address exactly these three points: (1) high-quality early childhood education produces measurable improvements in cognitive development and literacy that persist through primary school; (2) longitudinal studies show participants have higher rates of high school graduation, employment, and earnings in adulthood; (3) the economic return on early childhood investment has been estimated at several dollars for every dollar spent through reduced remedial education and social welfare costs. Do not address counterarguments. Write in continuous prose paragraphs only. Do not use bullet points, numbered lists, headers, bold text, or any other formatting.",bank,
H1,prose,Hard,"Defend the thesis that scientific knowledge is best understood as provisional and fallible rather than as a body of established certainties. Develop exactly these three claims: (1) the history of science shows even well-confirmed theories — including Newtonian mechanics and classical thermodynamics — have been substantially revised or shown to hold only within bounded domains, establishing fallibilism as the empirically warranted epistemic stance; (2) the Duhem-Quine thesis shows no single hypothesis can be conclusively falsified in isolation, because any experimental outcome is consistent with auxiliary hypothesis revision, making scientific knowledge irreducibly holistic and defeasible; (3) the underdetermination of theory by evidence — any finite dataset is consistent with infinitely many competing theoretical frameworks — entails that empirical confirmation is always partial and certainty claims exceed what evidence can justify. Do not address counterarguments. Write in continuous prose paragraphs only. Do not use bullet points, numbered lists, headers, bold text, or any other formatting.",bank,
H2,prose,Hard,"Argue that moral responsibility requires a meaningful conception of agency that cannot be reduced to purely causal-mechanical description. Develop exactly these three claims: (1) ascriptions of moral responsibility presuppose that agents could have done otherwise — a counterfactual competence condition that deterministic causal chains cannot satisfy without importing a normative surplus the mechanistic framework does not contain; (2) reactive attitudes such as resentment, indignation, and gratitude are intelligible only within a framework that treats agents as sources of reasons-responsive action, not merely as nodes in causal networks; (3) compatibilist attempts to reconstruct agency within determinism succeed only by shifting the conceptual target — redefining 'could have done otherwise' in dispositional terms — which preserves the linguistic form of responsibility attribution while abandoning its normative substance. Do not address counterarguments. Write in continuous prose paragraphs only. Do not use bullet points, numbered lists, headers, bold text, or any other formatting.",bank,
H3,prose,Hard,"Defend the thesis that language fundamentally shapes — rather than merely expresses — the structure of human thought and cognition. Develop exactly these three claims: (1) cross-linguistic research on spatial cognition, color categorization, and number representation demonstrates systematic covariation between linguistic categories and non-linguistic cognitive performance, establishing that linguistic distinctions influence the granularity of conceptual representations; (2) language acquisition in early childhood does not merely label pre-existing content but actively restructures the child's representational system, evidenced by category-learning differences between linguistic and non-linguistic tasks in infants at the boundary of language acquisition; (3) even internal deliberative thought is partially constituted by linguistic representation, because the sequential and negation-permitting structure of natural language enables forms of reasoning that non-linguistic cognitive systems cannot support. Do not address counterarguments. Write in continuous prose paragraphs only. Do not use bullet points, numbered lists, headers, bold text, or any other formatting.",bank,
H4,prose,Hard,"Argue that aesthetic value cannot be coherently reduced to purely subjective preference or individual psychological response. Develop exactly these three claims: (1) the phenomenology of genuine aesthetic experience involves a claim to intersubjective validity — when we judge a work beautiful we implicitly call on others to agree, a normative dimension that a purely subjectivist framework cannot explain; (2) the practice of aesthetic criticism — with its apparatus of reasons, standards, and education — presupposes that aesthetic assessments are answerable to considerations beyond individual response, and that some responses are better-informed than others; (3) aesthetic relativism generates a regress: if every preference is equally valid, then the preference for pluralism over dogmatism is itself merely a preference, undermining the normative force of the relativist position from within. Do not address counterarguments. Write in continuous prose paragraphs only. Do not use bullet points, numbered lists, headers, bold text, or any other formatting.",bank,
H5,prose,Hard,"Defend the thesis that consciousness poses an explanatory challenge not fully addressed by any current physicalist or functionalist framework. Develop exactly these three claims: (1) the hard problem — why physical processes give rise to subjective experience at all — is conceptually distinct from the easy problems of explaining cognitive function; functional accounts address the latter but leave the former untouched because they explain what the brain does, not what it is like; (2) the conceivability of philosophical zombies — beings physically identical to conscious humans but lacking phenomenal experience — demonstrates that phenomenal consciousness is not logically entailed by physical description, meaning any identity between physical and phenomenal properties is contingent rather than necessary; (3) Mary's Room shows that complete physical knowledge does not entail complete knowledge of phenomenal properties, establishing that phenomenal facts are epistemically irreducible to physical facts even if ontological dualism is not entailed. Do not address counterarguments. Write in continuous prose paragraphs only. Do not use bullet points, numbered lists, headers, bold text, or any other formatting.",bank,
H6,prose,Hard,"Defend the thesis that distributive justice requires substantive attention to the pattern of outcomes, not merely to the fairness of the procedures that generate them. Develop exactly these three claims: (1) procedurally fair processes can and routinely do generate outcome distributions that are substantively unjust because they incorporate and amplify pre-existing structural inequalities including differential access to education and inherited wealth — procedural fairness is necessary but not sufficient; (2) Rawls's difference principle provides a principled criterion for evaluating outcome patterns: inequalities are justified only when they maximize the absolute position of the least-advantaged members of society; (3) the baseline problem — determining what counts as a fair starting point for procedurally legitimate exchange — cannot itself be resolved by procedural criteria, because any choice of baseline presupposes a prior substantive judgment about entitlement. Do not address counterarguments. Write in continuous prose paragraphs only. Do not use bullet points, numbered lists, headers, bold text, or any other formatting.",bank,
H7,prose,Hard,"Argue that large-scale technological systems reshape social structures and distributions of power in ways that resist effective governance through individual choice or conventional regulatory frameworks. Develop exactly these three claims: (1) technological systems exhibit what Winner calls 'politics built into design' — the material properties of platform architecture embed particular distributions of agency and dependency that are not visible to or revisable by individual users; (2) network externalities, switching costs, and data-compounding effects create structural lock-in that renders the theoretical availability of alternatives formally compatible with effective technological monopoly, making market competition insufficient as a governance mechanism; (3) the pace of technological deployment systematically outstrips the capacity of regulatory institutions to develop adequate oversight frameworks, creating a persistent governance gap that individual adaptation cannot close. Do not address counterarguments. Write in continuous prose paragraphs only. Do not use bullet points, numbered lists, headers, bold text, or any other formatting.",bank,
H8,prose,Hard,"Defend the position that the meaning of a text is not fully determined by its author's original intentions. Develop exactly these three claims: (1) Wimsatt and Beardsley's intentional fallacy establishes that a literary work once composed becomes a linguistic artifact whose meanings are constituted by the conventions and interpretive practices of its language community, none of which are under the author's control; (2) the hermeneutic gap between what an author consciously intended and what a text semantically encodes is irreducible — authorial intention underdetermines textual meaning because the same linguistic tokens are consistent with multiple interpretive elaborations; (3) Barthes's 'death of the author,' read as a claim about interpretive authority rather than eliminativism, correctly identifies that the activation of textual meaning occurs in the reader's engagement with the text, drawing on competences that vary across readers and historical moments in ways original intention cannot anticipate. Do not address counterarguments. Write in continuous prose paragraphs only. Do not use bullet points, numbered lists, headers, bold text, or any other formatting.",bank,
H9,prose,Hard,"Argue that democratic legitimacy requires more than majority rule or aggregated preference satisfaction. Develop exactly these three claims: (1) unrestricted majority rule is susceptible to the tyranny of the majority — the systematic exclusion of permanent minorities whose interests are structurally underrepresented in majoritarian aggregation; constitutional rights constraints and counter-majoritarian institutions are therefore a democratic requirement rather than a limitation on democracy; (2) deliberative democracy theorists including Habermas and Cohen establish that legitimate political decisions require the exchange of reasons under conditions of equal standing, mutual recognition, and openness to rational revision — conditions that bare majoritarianism neither requires nor ensures; (3) the epistemic argument for democracy is conditional on the quality of deliberation: majority decisions reached under systematic misinformation or manipulation lack the epistemic credentials that justify democratic authority, meaning legitimacy is not automatically conferred by procedural compliance. Do not address counterarguments. Write in continuous prose paragraphs only. Do not use bullet points, numbered lists, headers, bold text, or any other formatting.",bank,
H10,prose,Hard,"Defend the thesis that rationality is not a universal context-independent capacity but is constitutively shaped by the cognitive, social, and institutional conditions in which it operates. Develop exactly these three claims: (1) bounded rationality research — from Simon's satisficing framework through Kahneman and Tversky's heuristics-and-biases program — demonstrates that human reasoning systematically departs from classical rationality norms under ecologically realistic conditions; (2) rationality is institutionally scaffolded: the capacity for extended, reliable reasoning depends on external cognitive artifacts, socially distributed knowledge, and institutional norms of evidence that are themselves historically contingent and variable across epistemic communities; (3) the standards by which reasoning is evaluated as rational or irrational are not neutral and universal but embedded in particular epistemic traditions — what counts as a reason, a valid inference, or an appropriate standard of evidence varies across domains in ways that resist reduction to a single transcontextual rationality norm. Do not address counterarguments. Write in continuous prose paragraphs only. Do not use bullet points, numbered lists, headers, bold text, or any other formatting.",bank,
H11,prose,Hard,"Argue that personal identity persists through psychological continuity rather than through physical or biological continuity. Develop exactly these three claims: (1) the psychological continuity view advanced by Locke and developed by Parfit correctly identifies that what matters in survival is the persistence of overlapping chains of memory, personality, and intention — not the continuity of any physical substrate, as demonstrated by the intuitive verdict in brain-transplant thought experiments that personal identity follows the brain rather than the body; (2) the biological continuity view fails to capture the normative significance of personal identity: what grounds prudential concern for one's future self and moral responsibility for one's past actions is psychological connectedness, not mere biological continuity, which can persist through irreversible vegetative states that lack the psychological relations that make identity matter; (3) Parfit's reductionism — that identity consists in and does not go beyond psychological continuity and connectedness — is preferable to non-reductionist accounts because it dissolves apparent paradoxes in cases of fission and gradual psychological replacement rather than generating arbitrary verdicts. Do not address counterarguments. Write in continuous prose paragraphs only. Do not use bullet points, numbered lists, headers, bold text, or any other formatting.",bank,
H12,prose,Hard,"Defend the thesis that mathematical objects possess a form of objectivity that is independent of human psychological or social construction. Develop exactly these three claims: (1) the indispensability argument establishes that our best scientific theories quantify over mathematical entities and are confirmed by the empirical success of those theories; the scientific realist who accepts electrons on the basis of theoretical indispensability has no principled grounds for rejecting the existence of mathematical objects on similar grounds; (2) the phenomenology of mathematical discovery — mathematicians encountering unexpected theorems, failed proofs corrected by necessity rather than convention, and surprising connections across independently developed branches — is more naturally described as exploration of a domain with determinate structure than as invention of arbitrary formal systems; (3) nominalist alternatives that attempt to eliminate mathematical objects in favor of physical inscriptions or mental constructions face decisive technical objections: they either fail to recover the full expressive power of standard mathematics or generate circularity by presupposing mathematical structure in the account meant to eliminate it. Do not address counterarguments. Write in continuous prose paragraphs only. Do not use bullet points, numbered lists, headers, bold text, or any other formatting.",bank,
H13,prose,Hard,"Argue that the replication crisis in psychology reveals a fundamentally institutional and incentive-structural problem, not merely a methodological one. Develop exactly these three claims: (1) the proximate methodological failures — underpowered studies, p-hacking, HARKing, and selective outcome reporting — are not primarily the result of individual researcher incompetence but are rational responses to a publication incentive structure that systematically rewards novel positive results and penalizes replication attempts and null findings; (2) the peer review system as currently constituted provides insufficient verification of methodological adequacy because it does not require data sharing, pre-registration, or independent replication, and reviewers operating under time constraints cannot detect the flexible analytical choices that inflate false-positive rates; (3) field-level interventions — pre-registration mandates, registered reports, open data requirements, and tenure criteria weighting replication — are necessary and sufficient to substantially reduce the false-positive rate, but their adoption is slow because they are individually rational only if adopted collectively, creating a coordination problem that individual researchers cannot solve without funding-body enforcement. Do not address counterarguments. Write in continuous prose paragraphs only. Do not use bullet points, numbered lists, headers, bold text, or any other formatting.",bank,
E15,prose,Easy,"Argue that learning to play a musical instrument is worth it even as an adult. Cover three specific benefits: it exercises memory and hand coordination, it gives you a creative outlet after work or school, and it provides a steady sense of progress as you practice. Write in continuous prose paragraphs only. Do not use bullet points, numbered lists, headers, bold text, or any other formatting.",new,
E16,prose,Easy,"Make the case that walking or biking for short trips instead of driving makes everyday life better. Give three reasons: it saves money on fuel and parking, it adds exercise to your day without extra planning, and it lets you notice and enjoy your neighborhood. Write in continuous prose paragraphs only. Do not use bullet points, numbered lists, headers, bold text, or any other formatting.",new,
E17,prose,Easy,"Convince someone that taking a basic first aid course is a smart use of a weekend. Use three reasons: it prepares you to help in common emergencies, it builds calm confidence in stressful moments, and the course is short and inexpensive. Write in continuous prose paragraphs only. Do not use bullet points, numbered lists, headers, bold text, or any other formatting.",new,
E18,prose,Easy,"Argue that growing a small herb or vegetable garden at home is a rewarding hobby. Make three points: it gives you fresh food right outside your door, tending plants is a relaxing break from daily pressures, and it teaches patience as you watch things grow. Write in continuous prose paragraphs only. Do not use bullet points, numbered lists, headers, bold text, or any other formatting.",new,
E19,prose,Easy,"Make the case that writing tasks down in a daily planner helps you stay on top of your life. Argue three specific points: you forget fewer tasks and appointments, it clears your head so you can relax, and checking items off shows you how much you have done. Write in continuous prose paragraphs only. Do not use bullet points, numbered lists, headers, bold text, or any other formatting.",new,
E20,prose,Easy,"Convince a friend that playing board games with family and friends is time well spent. Give three reasons: it builds conversation and connection around the table, it teaches good sportsmanship in winning and losing, and it is cheap entertainment that can be enjoyed again and again. Write in continuous prose paragraphs only. Do not use bullet points, numbered lists, headers, bold text, or any other formatting.",new,
E21,prose,Easy,"Argue that everyone should learn how to swim. Use three points: it keeps you safer around pools, lakes, and the ocean, it is a full-body workout that is gentle on the joints, and it opens up fun activities like snorkeling and water sports. Write in continuous prose paragraphs only. Do not use bullet points, numbered lists, headers, bold text, or any other formatting.",new,
M14,prose,Medium,"Defend the position that routine preventive maintenance of buildings and equipment is more cost-effective than repairing them after they fail. Address exactly these three points: (1) scheduled inspections catch small defects before they escalate into expensive structural or mechanical failures; (2) planned maintenance avoids the unplanned downtime and lost output that accompany sudden breakdowns; (3) well-maintained assets last substantially longer, spreading their capital cost over more years of service. Do not address counterarguments. Write in continuous prose paragraphs only. Do not use bullet points, numbered lists, headers, bold text, or any other formatting.",new,
M15,prose,Medium,"Make the case that contributing to open-source software benefits the organizations that do it. Cover exactly these three points: (1) sharing code spreads the cost of maintenance across many contributors instead of one company; (2) public peer review of source code improves software quality and exposes security flaws sooner; (3) visible open-source contributions strengthen an organization's technical reputation and help it recruit skilled engineers. Do not address counterarguments. Write in continuous prose paragraphs only. Do not use bullet points, numbered lists, headers, bold text, or any other formatting.",new,
M16,prose,Medium,"Argue that the standardized shipping container was one of the most economically consequential innovations of the twentieth century. Address exactly these three points: (1) containerization sharply reduced the labor and time required to load and unload cargo at ports; (2) a common container size allowed goods to move between ships, trains, and trucks without repacking, enabling integrated global supply chains; (3) sealed containers reduced theft and damage in transit, lowering insurance and handling costs. Do not address counterarguments. Write in continuous prose paragraphs only. Do not use bullet points, numbered lists, headers, bold text, or any other formatting.",new,
M17,prose,Medium,"Defend the position that citizen science projects make genuine contributions to scientific research. Cover exactly these three points: (1) volunteer observers collect data across geographic areas and time spans that professional teams could not cover alone, as in long-running bird counts; (2) online volunteers classify large image and audio datasets, such as galaxy photographs, faster than small research groups could; (3) participation improves public scientific literacy and understanding of how evidence is gathered. Do not address counterarguments. Write in continuous prose paragraphs only. Do not use bullet points, numbered lists, headers, bold text, or any other formatting.",new,
M18,prose,Medium,"Make the case that structured code review improves the quality of software produced by engineering teams. Address exactly these three points: (1) reviewers catch defects before release, when they are far cheaper to fix than in production; (2) reviewing each other's changes spreads knowledge of the codebase across the team and reduces reliance on single experts; (3) regular review enforces consistent coding standards that make the software easier to maintain over time. Do not address counterarguments. Write in continuous prose paragraphs only. Do not use bullet points, numbered lists, headers, bold text, or any other formatting.",new,
M19,prose,Medium,"Argue that written checklists reduce preventable errors in high-stakes professions such as aviation and surgery. Cover exactly these three points: (1) checklists reduce reliance on memory for routine but critical steps, especially under stress and fatigue; (2) they standardize communication within teams by giving every member a defined moment to raise concerns; (3) documented results, including the World Health Organization's surgical safety checklist, show measurable reductions in complications after adoption. Do not address counterarguments. Write in continuous prose paragraphs only. Do not use bullet points, numbered lists, headers, bold text, or any other formatting.",new,
M20,prose,Medium,"Defend the position that improvements in weather forecasting over recent decades have produced large economic value. Address exactly these three points: (1) more accurate forecasts let farmers time planting, irrigation, and harvesting to reduce crop losses; (2) earlier warnings of severe storms allow evacuations and preparations that reduce property damage and loss of life; (3) airlines, shipping companies, and electricity grid operators use forecasts to plan routes and balance supply and demand more efficiently. Do not address counterarguments. Write in continuous prose paragraphs only. Do not use bullet points, numbered lists, headers, bold text, or any other formatting.",new,
H14,prose,Hard,"Defend the thesis that causation cannot be adequately analyzed as mere regular succession between types of events. Develop exactly these three claims: (1) regularity accounts fail to distinguish genuine causal relations from accidental or common-cause correlations, since a falling barometer reading is regularly followed by a storm without causing it; (2) interventionist accounts, developed by Woodward, succeed where regularity accounts fail by identifying causal relations with dependencies that remain invariant under ideal interventions on the putative cause; (3) the interventionist account explains the epistemic privilege of randomized controlled experiments, whose design approximates an ideal intervention by severing the putative cause from its ordinary antecedents. Do not address counterarguments. Write in continuous prose paragraphs only. Do not use bullet points, numbered lists, headers, bold text, or any other formatting.",new,
H15,prose,Hard,"Argue that biological function is best analyzed in etiological rather than purely causal-role terms. Develop exactly these three claims: (1) selected-effect accounts, which identify a trait's function with the effect for which its ancestors were selected, explain the normativity of function, including the possibility of malfunction, which a purely dispositional analysis cannot accommodate; (2) causal-role accounts following Cummins cannot distinguish a trait's function from its accidental effects without relativizing function to the explanatory interests of the investigator, thereby surrendering the objectivity of functional attribution; (3) etiological accounts alone vindicate the explanatory force of functional claims, because citing a trait's selected effect answers the historical question of why the trait is present rather than merely describing what it currently does. Do not address counterarguments. Write in continuous prose paragraphs only. Do not use bullet points, numbered lists, headers, bold text, or any other formatting.",new,
H16,prose,Hard,"Defend the thesis that knowledge acquired through testimony cannot be reduced to knowledge grounded in the hearer's own perception, memory, and inductive inference. Develop exactly these three claims: (1) as Coady argued, no individual is in a position to verify independently the track record of more than a small fraction of the sources on whom ordinary belief depends, so a reductionist justification of testimony is unavailable in practice; (2) young children acquire vast bodies of knowledge through testimony before they possess the inferential resources that reductionism requires for testimonial justification; (3) the division of cognitive labor in contemporary science, analyzed by Hardwig, makes researchers epistemically dependent on colleagues whose results they cannot personally check, so that scientific knowledge itself rests irreducibly on testimonial trust. Do not address counterarguments. Write in continuous prose paragraphs only. Do not use bullet points, numbered lists, headers, bold text, or any other formatting.",new,
H17,prose,Hard,"Argue that idealized scientific models that contain known falsehoods can nevertheless provide genuine understanding of natural phenomena. Develop exactly these three claims: (1) idealizations such as frictionless planes, infinite populations, and point masses isolate the difference-making factors of a phenomenon by deliberately removing factors that do not alter its explanatory structure; (2) understanding consists in grasping patterns of counterfactual dependence, which an idealized model can represent accurately even when its literal assumptions are false; (3) minimal-model explanations, as analyzed by Batterman, account for universal behavior across physically heterogeneous systems precisely because they omit the microscopic details that differ between those systems. Do not address counterarguments. Write in continuous prose paragraphs only. Do not use bullet points, numbered lists, headers, bold text, or any other formatting.",new,
H18,prose,Hard,"Defend the thesis that practical knowledge, or knowing how, is not reducible to propositional knowledge, or knowing that. Develop exactly these three claims: (1) Ryle's regress argument shows that if every intelligent performance required first contemplating a proposition, the act of applying that proposition would itself require further propositional knowledge, generating an infinite regress; (2) skilled performance involves context-sensitive responsiveness to particular situations that outstrips any finite set of propositions an agent could articulate or endorse; (3) neuropsychological dissociations, such as amnesic patients who acquire new motor skills while retaining no explicit memory of having practiced them, show that practical and propositional knowledge can come apart. Do not address counterarguments. Write in continuous prose paragraphs only. Do not use bullet points, numbered lists, headers, bold text, or any other formatting.",new,
H19,prose,Hard,"Argue that the loss of biodiversity undermines the long-term stability and functioning of ecosystems. Develop exactly these three claims: (1) the insurance hypothesis holds that species differ in their responses to environmental fluctuation, so that communities with more species maintain more stable aggregate productivity as conditions change; (2) functional redundancy, in which several species perform overlapping ecological roles, buffers ecosystem processes against the loss of any single species, and this buffer erodes as species are removed; (3) the loss of keystone species can trigger trophic cascades, as when the decline of sea otters allowed sea urchins to overgraze kelp forests, showing that the effects of a single extinction can propagate through an entire community. Do not address counterarguments. Write in continuous prose paragraphs only. Do not use bullet points, numbered lists, headers, bold text, or any other formatting.",new,
C1,code,Easy,"Write a Python function `is_palindrome(s: str) -> bool` that returns True if `s` reads the same forwards and backwards after converting it to lowercase and removing every character that is not a letter or a digit, and False otherwise. The empty string counts as a palindrome. Use only the Python standard library. Include a docstring and brief inline comments. Return only the code in a single Python code block, with no explanation before or after.",new,
C2,code,Easy,"Write a Python function `fizzbuzz(n: int) -> list[str]` that returns a list of strings for the integers from 1 to `n` inclusive, where multiples of both 3 and 5 are replaced by ""FizzBuzz"", other multiples of 3 by ""Fizz"", other multiples of 5 by ""Buzz"", and every other number by its decimal string. Return an empty list when `n` is less than 1. Use only the Python standard library. Include a docstring and brief inline comments. Return only the code in a single Python code block, with no explanation before or after.",new,
C3,code,Easy,"Write a Python function `sieve_primes(n: int) -> list[int]` that returns all prime numbers less than or equal to `n` in increasing order, using the Sieve of Eratosthenes. Return an empty list when `n` is less than 2. Use only the Python standard library. Include a docstring and brief inline comments. Return only the code in a single Python code block, with no explanation before or after.",new,
C4,code,Easy,"Write a Python function `second_largest(nums: list[int]) -> int | None` that returns the second largest distinct value in `nums`, or None if `nums` contains fewer than two distinct values. For example, `second_largest([4, 1, 4, 3])` returns 3. Do not modify the input list. Use only the Python standard library. Include a docstring and brief inline comments. Return only the code in a single Python code block, with no explanation before or after.",new,
C5,code,Easy,"Write a Python function `run_length_encode(s: str) -> str` that compresses a string by replacing each maximal run of a repeated character with the character followed by the length of the run. For example, `run_length_encode(""aaabcc"")` returns ""a3b1c2"", and the empty string returns the empty string. Use only the Python standard library. Include a docstring and brief inline comments. Return only the code in a single Python code block, with no explanation before or after.",new,
C6,code,Easy,"Write a Python function `valid_brackets(s: str) -> bool` that returns True if every bracket in `s` is correctly matched and nested, considering the three bracket types (), [] and {}, and ignoring all other characters. For example, `valid_brackets(""a[b(c)]{}"")` returns True and `valid_brackets(""([)]"")` returns False. Use only the Python standard library. Include a docstring and brief inline comments. Return only the code in a single Python code block, with no explanation before or after.",new,
C7,code,Easy,"Write a Python function `flatten(nested: list) -> list` that takes a list whose elements may be lists nested to any depth and returns a new flat list of all non-list elements in left-to-right order. Only objects of type `list` are flattened; tuples, strings, and other values are kept as single elements. For example, `flatten([1, [2, [3, (4, 5)]], ""ab""])` returns `[1, 2, 3, (4, 5), ""ab""]`. Use only the Python standard library. Include a docstring and brief inline comments. Return only the code in a single Python code block, with no explanation before or after.",new,
C8,code,Medium,"Write a Python function `merge_intervals(intervals: list[tuple[int, int]]) -> list[tuple[int, int]]` that takes closed intervals (start, end) with start <= end, in any order, and returns the minimal list of merged intervals sorted by start. Intervals that overlap or touch at an endpoint are merged, so (1, 3) and (3, 5) become (1, 5). Return an empty list for empty input and do not modify the input list. Use only the Python standard library. Include a docstring and brief inline comments. Return only the code in a single Python code block, with no explanation before or after.",new,
C9,code,Medium,"Write a Python function `rotate_matrix(matrix: list[list[int]]) -> list[list[int]]` that takes an n-by-n square matrix and returns a new matrix rotated 90 degrees clockwise, leaving the input unchanged. For example, `rotate_matrix([[1, 2], [3, 4]])` returns `[[3, 1], [4, 2]]`. An empty matrix returns an empty list. Use only the Python standard library. Include a docstring and brief inline comments. Return only the code in a single Python code block, with no explanation before or after.",new,
C10,code,Medium,"Write a Python function `top_k_words(text: str, k: int) -> list[tuple[str, int]]` that lowercases `text`, extracts words as maximal runs of the letters a to z and apostrophes, and returns the `k` most frequent words as (word, count) pairs, sorted by count descending and then alphabetically for ties. If there are fewer than `k` distinct words, return all of them. Use only the Python standard library. Include a docstring and brief inline comments. Return only the code in a single Python code block, with no explanation before or after.",new,
C11,code,Medium,"Write a Python function `leftmost_index(arr: list[int], target: int) -> int` that performs a binary search on the sorted list `arr` (non-decreasing order, possibly with duplicates) and returns the index of the first occurrence of `target`, or -1 if `target` is not present. The function must run in O(log n) time and must not use the `bisect` module. Use only the Python standard library. Include a docstring and brief inline comments. Return only the code in a single Python code block, with no explanation before or after.",new,
C12,code,Medium,"Write a Python function `roman_to_int(s: str) -> int` that converts a valid uppercase Roman numeral between 1 and 3999 into an integer, using the symbols I=1, V=5, X=10, L=50, C=100, D=500, M=1000 and the subtractive pairs IV, IX, XL, XC, CD and CM. For example, `roman_to_int(""MCMXCIV"")` returns 1994. You may assume the input is valid. Use only the Python standard library. Include a docstring and brief inline comments. Return only the code in a single Python code block, with no explanation before or after.",new,
C13,code,Medium,"Write a Python function `max_subarray_sum(nums: list[int]) -> int` that returns the largest sum of any non-empty contiguous subarray of `nums`, using Kadane's algorithm in O(n) time. If all numbers are negative, return the largest single element. Raise ValueError if `nums` is empty. Use only the Python standard library. Include a docstring and brief inline comments. Return only the code in a single Python code block, with no explanation before or after.",new,
C14,code,Medium,"Write a Python function `moving_average(values: list[float], window: int) -> list[float]` that returns the mean of every contiguous run of `window` values, in order, so the result has `len(values) - window + 1` elements. Return an empty list if `window` is greater than `len(values)`, and raise ValueError if `window` is less than 1. The function must run in O(n) time by maintaining a running sum. Use only the Python standard library. Include a docstring and brief inline comments. Return only the code in a single Python code block, with no explanation before or after.",new,
C15,code,Medium,"Write a Python function `parse_duration(s: str) -> int` that converts a duration string made of an optional hours part, an optional minutes part and an optional seconds part, in that order, such as ""1h30m15s"", ""45m"" or ""2h5s"", into a total number of seconds. Each part is a non-negative integer followed by the letter h, m or s. Raise ValueError if the string is empty, contains any other characters, or lists the parts out of order. Use only the Python standard library. Include a docstring and brief inline comments. Return only the code in a single Python code block, with no explanation before or after.",new,
C16,code,Hard,"Write a Python function `longest_common_subsequence(a: str, b: str) -> int` that returns the length of the longest common subsequence of the strings `a` and `b` using dynamic programming. For example, `longest_common_subsequence(""ABCBDAB"", ""BDCABA"")` returns 4. The function should use O(min(len(a), len(b))) extra memory. Use only the Python standard library. Include a docstring and brief inline comments. Return only the code in a single Python code block, with no explanation before or after.",new,
C17,code,Hard,"Write a Python function `edit_distance(a: str, b: str) -> int` that returns the Levenshtein distance between `a` and `b`, the minimum number of single-character insertions, deletions and substitutions needed to turn `a` into `b`. For example, `edit_distance(""kitten"", ""sitting"")` returns 3. Use only the Python standard library. Include a docstring and brief inline comments. Return only the code in a single Python code block, with no explanation before or after.",new,
C18,code,Hard,"Write a Python function `shortest_paths(graph: dict[str, list[tuple[str, int]]], source: str) -> dict[str, int]` that implements Dijkstra's algorithm with the `heapq` module. `graph` maps each node to a list of (neighbor, weight) pairs with non-negative integer weights. Return a dictionary mapping every node reachable from `source`, including `source` itself with distance 0, to the length of its shortest path. Nodes that appear only as neighbors must still be handled. Use only the Python standard library. Include a docstring and brief inline comments. Return only the code in a single Python code block, with no explanation before or after.",new,
C19,code,Hard,"Write a Python function `topological_order(graph: dict[str, list[str]]) -> list[str]` that returns a topological ordering of a directed graph in which `graph[u]` lists the nodes `v` with an edge from `u` to `v`. Nodes that appear only as targets are part of the graph. Whenever several nodes are available, choose the alphabetically smallest first, so the output is unique. Raise ValueError if the graph contains a cycle. Use only the Python standard library. Include a docstring and brief inline comments. Return only the code in a single Python code block, with no explanation before or after.",new,
C20,code,Hard,"Write a Python function `count_n_queens(n: int) -> int` that returns the number of ways to place `n` queens on an n-by-n chessboard so that no two queens share a row, column or diagonal, using backtracking. For example, `count_n_queens(8)` returns 92. Return 1 for `n` equal to 0 and raise ValueError for negative `n`. Use only the Python standard library. Include a docstring and brief inline comments. Return only the code in a single Python code block, with no explanation before or after.",new,
S1,short,Easy,Explain why the sky appears blue during the day. Answer in two to four sentences of plain prose.,new,
S2,short,Easy,Explain why ice floats on liquid water. Answer in two to four sentences of plain prose.,new,
S3,short,Easy,Explain how a rainbow forms. Answer in two to four sentences of plain prose.,new,
S4,short,Medium,Explain why Earth has seasons. Answer in two to four sentences of plain prose.,new,
S5,short,Medium,Explain what causes ocean tides. Answer in two to four sentences of plain prose.,new,
S6,short,Easy,Explain why bread dough rises before it is baked. Answer in two to four sentences of plain prose.,new,
S7,short,Medium,Explain what a black hole is. Answer in two to four sentences of plain prose.,new,
S8,short,Medium,Explain why a metal spoon feels colder than a wooden spoon when both are at room temperature. Answer in two to four sentences of plain prose.,new,
S9,short,Medium,Explain how a refrigerator keeps food cold. Answer in two to four sentences of plain prose.,new,
S10,short,Easy,Explain what photosynthesis does for a plant. Answer in two to four sentences of plain prose.,new,
S11,short,Easy,Explain why the leaves of many trees change color in autumn. Answer in two to four sentences of plain prose.,new,
S12,short,Easy,Explain the difference between weather and climate. Answer in two to four sentences of plain prose.,new,
S13,short,Easy,Explain how a magnetic compass shows direction. Answer in two to four sentences of plain prose.,new,
S14,short,Medium,Explain what inflation means in economics. Answer in two to four sentences of plain prose.,new,
S15,short,Easy,Explain why the Moon appears to go through phases. Answer in two to four sentences of plain prose.,new,
S16,short,Easy,Explain what an algorithm is. Answer in two to four sentences of plain prose.,new,
S17,short,Medium,Explain why salt is spread on icy roads in winter. Answer in two to four sentences of plain prose.,new,
S18,short,Hard,Explain how an airplane wing generates lift. Answer in two to four sentences of plain prose.,new,
S19,short,Medium,Explain what DNA does in a living cell. Answer in two to four sentences of plain prose.,new,
S20,short,Hard,Explain why water boils at a lower temperature at high altitude. Answer in two to four sentences of plain prose.,new,
Q1,math,Easy,"A bookstore sells notebooks for $3.00 each and pens for $1.25 each. Maria buys 4 notebooks and 6 pens. How many dollars does she spend in total? Solve the problem, showing your reasoning step by step in plain prose, and end with a final line of the form 'Answer: <number>'.",new,19.5
Q2,math,Easy,"A train travels at 72 kilometers per hour for 2.5 hours and then at 90 kilometers per hour for 1.5 hours. How many kilometers does it travel in total? Solve the problem, showing your reasoning step by step in plain prose, and end with a final line of the form 'Answer: <number>'.",new,315
Q3,math,Easy,"A rectangle has a perimeter of 46 centimeters, and its length is 5 centimeters more than its width. What is its area in square centimeters? Solve the problem, showing your reasoning step by step in plain prose, and end with a final line of the form 'Answer: <number>'.",new,126
Q4,math,Medium,"What is the sum of all integers from 1 to 200 inclusive that are divisible by 3 or by 5? Solve the problem, showing your reasoning step by step in plain prose, and end with a final line of the form 'Answer: <number>'.",new,9368
Q5,math,Easy,"A shirt is priced at $40. It is discounted by 25 percent, and then an 8 percent sales tax is applied to the discounted price. What is the final price in dollars? Solve the problem, showing your reasoning step by step in plain prose, and end with a final line of the form 'Answer: <number>'.",new,32.4
Q6,math,Medium,"Two fair six-sided dice are rolled. What is the probability that the two numbers shown add up to 8? Give the probability as a decimal rounded to four decimal places. Solve the problem, showing your reasoning step by step in plain prose, and end with a final line of the form 'Answer: <number>'.",new,0.1389
Q7,math,Medium,"Someone deposits $5,000 in an account that pays 4 percent interest per year, compounded annually, and makes no withdrawals. How many dollars are in the account after 3 years, rounded to the nearest cent? Solve the problem, showing your reasoning step by step in plain prose, and end with a final line of the form 'Answer: <number>'.",new,5624.32
Q8,math,Medium,"Working alone, Ana can paint a fence in 6 hours and Ben can paint the same fence in 4 hours. How many hours does it take them to paint the fence if they work together at their usual rates? Solve the problem, showing your reasoning step by step in plain prose, and end with a final line of the form 'Answer: <number>'.",new,2.4
Q9,math,Easy,"A club has 10 members. In how many different ways can it choose a committee of 3 members, if the order of selection does not matter? Solve the problem, showing your reasoning step by step in plain prose, and end with a final line of the form 'Answer: <number>'.",new,120
Q10,math,Medium,"A water tank holds 1,200 liters and currently contains 300 liters. Water flows in at 30 liters per minute while a leak drains it at 12 liters per minute. After how many minutes will the tank be full? Solve the problem, showing your reasoning step by step in plain prose, and end with a final line of the form 'Answer: <number>'.",new,50
Q11,math,Easy,"The average of five numbers is 18. Four of the numbers are 12, 15, 20 and 22. What is the fifth number? Solve the problem, showing your reasoning step by step in plain prose, and end with a final line of the form 'Answer: <number>'.",new,21
Q12,math,Easy,"An arithmetic sequence has a first term of 7 and a common difference of 4. What is its 25th term? Solve the problem, showing your reasoning step by step in plain prose, and end with a final line of the form 'Answer: <number>'.",new,103
Q13,math,Medium,"A car is bought for $24,000 and loses 15 percent of its value at the end of each year. What is its value in dollars after 2 years? Solve the problem, showing your reasoning step by step in plain prose, and end with a final line of the form 'Answer: <number>'.",new,17340
Q14,math,Medium,"How many positive integers divide 360 exactly? Solve the problem, showing your reasoning step by step in plain prose, and end with a final line of the form 'Answer: <number>'.",new,24
Q15,math,Hard,"A ladder 25 feet long leans against a vertical wall with its foot 7 feet from the base of the wall. The top of the ladder slides 4 feet down the wall. By how many feet does the foot of the ladder move away from the wall? Solve the problem, showing your reasoning step by step in plain prose, and end with a final line of the form 'Answer: <number>'.",new,8
Q16,math,Hard,"How many liters of a 60 percent acid solution must be added to 10 liters of a 20 percent acid solution to produce a 40 percent acid solution? Solve the problem, showing your reasoning step by step in plain prose, and end with a final line of the form 'Answer: <number>'.",new,10
Q17,math,Medium,"Three lighthouses flash every 12, 18 and 30 seconds respectively. They all flash together at the same moment. How many seconds pass before they next flash together? Solve the problem, showing your reasoning step by step in plain prose, and end with a final line of the form 'Answer: <number>'.",new,180
Q18,math,Medium,"A culture starts with 150 bacteria, and the population doubles every 20 minutes. How many bacteria are there after 2 hours? Solve the problem, showing your reasoning step by step in plain prose, and end with a final line of the form 'Answer: <number>'.",new,9600
Q19,math,Hard,"What is the smaller angle, in degrees, between the hour hand and the minute hand of an analog clock at 3:40? Solve the problem, showing your reasoning step by step in plain prose, and end with a final line of the form 'Answer: <number>'.",new,130
Q20,math,Hard,"How many integers from 1 to 1000 inclusive contain at least one digit 7 in their decimal representation? Solve the problem, showing your reasoning step by step in plain prose, and end with a final line of the form 'Answer: <number>'.",new,271
